rep,alp,num_cell,filter_dim,error
0,0.01,8,,20.880898927068284
0,0.01,14,,18.109201320180688
0,0.01,20,,15.775449264585516
0,0.01,26,,14.282136651693488
0,0.01,32,,23.08131910365916
0,0.01,32,,12.998873295008966
0,0.01,56,,19.459922099413305
0,0.01,80,,17.00434752578975
0,0.01,104,,15.22019697826309
0,0.01,128,"(32, 32)",24.592540667609704
0,0.01,128,,13.737742561232938
0,0.01,224,"(32, 32)",20.801825641327905
0,0.01,320,"(32, 32)",18.05512633506334
0,0.01,416,"(32, 32)",16.172841390585006
0,0.01,512,"(32, 32)",14.580322361693463
0,0.1,8,,18.932734428031345
0,0.1,14,,15.277151981984863
0,0.1,20,,13.146274436325136
0,0.1,26,,11.476780878304387
0,0.1,32,,19.1906422580032
0,0.1,32,,10.07226619309917
0,0.1,56,,15.67154748789293
0,0.1,80,,13.07804682809672
0,0.1,104,,11.688285107685598
0,0.1,128,"(32, 32)",22.58899221805812
0,0.1,128,,10.518425351786432
0,0.1,224,"(32, 32)",18.51371123004573
0,0.1,320,"(32, 32)",15.60415247401707
0,0.1,416,"(32, 32)",13.89049839781662
0,0.1,512,"(32, 32)",12.249652779776971
0,1.0,8,,27.264559994422303
0,1.0,14,,20.167183209994604
0,1.0,20,,16.35282304755836
0,1.0,26,,13.767441524716007
0,1.0,32,,21.252726570683404
0,1.0,32,,11.96653053680886
0,1.0,56,,16.622116527176
0,1.0,80,,13.674732262816583
0,1.0,104,,11.883034648235771
0,1.0,128,"(32, 32)",19.17454275210226
0,1.0,128,,10.414412129879745
0,1.0,224,"(32, 32)",15.489085507767829
0,1.0,320,"(32, 32)",13.062949724988538
0,1.0,416,"(32, 32)",11.313628756866356
0,1.0,512,"(32, 32)",9.923194040643452
0,10.0,8,,31.656424127459463
0,10.0,14,,21.674985853496366
0,10.0,20,,16.815993729514886
0,10.0,26,,14.235112762594104
0,10.0,32,,22.9740577844926
0,10.0,32,,12.25014978434017
0,10.0,56,,17.644200681470053
0,10.0,80,,14.41131727753671
0,10.0,104,,12.422156295950217
0,10.0,128,"(32, 32)",20.7870990065334
0,10.0,128,,10.81063932605003
0,10.0,224,"(32, 32)",16.044960271751073
0,10.0,320,"(32, 32)",13.641257289988344
0,10.0,416,"(32, 32)",11.689754819362824
0,10.0,512,"(32, 32)",10.41150667689163
1,0.01,8,,20.998089748874936
1,0.01,14,,17.89839913652589
1,0.01,20,,15.93706987585947
1,0.01,26,,14.214866426412597
1,0.01,32,,23.34754473828879
1,0.01,32,,13.012219628090287
1,0.01,56,,19.5947826058646
1,0.01,80,,17.02050431056859
1,0.01,104,,15.289264223447274
1,0.01,128,"(32, 32)",24.882189147902405
1,0.01,128,,14.131625216807532
1,0.01,224,"(32, 32)",20.65043856175865
1,0.01,320,"(32, 32)",18.189707304207623
1,0.01,416,"(32, 32)",16.097902817701872
1,0.01,512,"(32, 32)",14.65214028721872
1,0.1,8,,18.686158811482088
1,0.1,14,,15.40112578500535
1,0.1,20,,12.8381212063767
1,0.1,26,,11.528092445664678
1,0.1,32,,19.025016377626205
1,0.1,32,,10.182110255870112
1,0.1,56,,15.615957588591597
1,0.1,80,,13.36416301031638
1,0.1,104,,11.670481485013418
1,0.1,128,"(32, 32)",22.70006312222884
1,0.1,128,,10.514718774797828
1,0.1,224,"(32, 32)",18.58150169800017
1,0.1,320,"(32, 32)",15.828906327118602
1,0.1,416,"(32, 32)",13.994065661871796
1,0.1,512,"(32, 32)",12.3363860364644
1,1.0,8,,27.56313366496744
1,1.0,14,,20.30223138506323
1,1.0,20,,16.306517574619573
1,1.0,26,,13.724628136327365
1,1.0,32,,21.159251328403958
1,1.0,32,,11.858227419207086
1,1.0,56,,16.84101927637796
1,1.0,80,,13.65020254914074
1,1.0,104,,11.912949326838351
1,1.0,128,"(32, 32)",19.22528451379148
1,1.0,128,,10.334874889279057
1,1.0,224,"(32, 32)",15.345739293938855
1,1.0,320,"(32, 32)",13.057030805922029
1,1.0,416,"(32, 32)",11.27310419151677
1,1.0,512,"(32, 32)",9.877355173990368
1,10.0,8,,31.96465411754058
1,10.0,14,,21.539233760823944
1,10.0,20,,16.897111323040765
1,10.0,26,,14.10463468525478
1,10.0,32,,22.672153126793784
1,10.0,32,,12.439969531693512
1,10.0,56,,17.311848101409602
1,10.0,80,,14.191697898616834
1,10.0,104,,12.352568979292672
1,10.0,128,"(32, 32)",20.46251144269042
1,10.0,128,,10.930583925276352
1,10.0,224,"(32, 32)",16.193371506938224
1,10.0,320,"(32, 32)",13.559782397569425
1,10.0,416,"(32, 32)",11.698232853127276
1,10.0,512,"(32, 32)",10.460932577073615
2,0.01,8,,21.11017201102836
2,0.01,14,,18.105198112695454
2,0.01,20,,15.791997592380886
2,0.01,26,,14.382283894669008
2,0.01,32,,23.21290837320525
2,0.01,32,,13.118351006040196
2,0.01,56,,19.46528352152216
2,0.01,80,,17.0495169294281
2,0.01,104,,15.308060481270717
2,0.01,128,"(32, 32)",25.00947688724384
2,0.01,128,,13.944097214859454
2,0.01,224,"(32, 32)",20.696491327405734
2,0.01,320,"(32, 32)",18.01153872781973
2,0.01,416,"(32, 32)",16.186929464411705
2,0.01,512,"(32, 32)",14.50390848559941
2,0.1,8,,18.63501096667312
2,0.1,14,,15.257692491847555
2,0.1,20,,13.089824515988555
2,0.1,26,,11.47225275002257
2,0.1,32,,19.248947709291517
2,0.1,32,,10.10343463776018
2,0.1,56,,15.774149107315248
2,0.1,80,,13.459634975794872
2,0.1,104,,11.723003622550245
2,0.1,128,"(32, 32)",22.921614132510328
2,0.1,128,,10.42428044093124
2,0.1,224,"(32, 32)",18.2858474036889
2,0.1,320,"(32, 32)",15.853039548144674
2,0.1,416,"(32, 32)",13.8011369872599
2,0.1,512,"(32, 32)",12.406086418553167
2,1.0,8,,27.03980358819899
2,1.0,14,,19.976091876880822
2,1.0,20,,16.427491016283888
2,1.0,26,,13.66106953020987
2,1.0,32,,21.186773867246885
2,1.0,32,,12.000886884340764
2,1.0,56,,16.686932729158787
2,1.0,80,,13.753239475459443
2,1.0,104,,11.914776810041616
2,1.0,128,"(32, 32)",19.092376210040047
2,1.0,128,,10.4092694275174
2,1.0,224,"(32, 32)",15.351904914279215
2,1.0,320,"(32, 32)",13.126436427396078
2,1.0,416,"(32, 32)",11.362252942579318
2,1.0,512,"(32, 32)",9.926803878474644
2,10.0,8,,31.74808826848655
2,10.0,14,,21.721612140687867
2,10.0,20,,16.87078318715229
2,10.0,26,,14.322677791568648
2,10.0,32,,22.60986816880717
2,10.0,32,,12.30454287489411
2,10.0,56,,17.41732955960922
2,10.0,80,,14.585011776202409
2,10.0,104,,12.315356702575444
2,10.0,128,"(32, 32)",20.420085895742503
2,10.0,128,,10.725543746858314
2,10.0,224,"(32, 32)",16.238692472278316
2,10.0,320,"(32, 32)",13.60236094682231
2,10.0,416,"(32, 32)",11.754734627516273
2,10.0,512,"(32, 32)",10.397115094525905
3,0.01,8,,21.239722964389244
3,0.01,14,,18.05363653434559
3,0.01,20,,15.905339842652024
3,0.01,26,,14.130749502855508
3,0.01,32,,23.058964569455
3,0.01,32,,13.039259975942455
3,0.01,56,,19.626183249404583
3,0.01,80,,17.210964429698347
3,0.01,104,,15.13647353632023
3,0.01,128,"(32, 32)",24.679359040183304
3,0.01,128,,13.8108214312088
3,0.01,224,"(32, 32)",20.76649104738551
3,0.01,320,"(32, 32)",17.878105267315625
3,0.01,416,"(32, 32)",16.015721584121877
3,0.01,512,"(32, 32)",14.5349369745033
3,0.1,8,,18.810065837544112
3,0.1,14,,15.21230673247969
3,0.1,20,,13.265338872153489
3,0.1,26,,11.412557284659506
3,0.1,32,,19.29772383950351
3,0.1,32,,10.22001971367952
3,0.1,56,,15.51285708844076
3,0.1,80,,13.13199450902856
3,0.1,104,,11.7942821356355
3,0.1,128,"(32, 32)",22.57650389873939
3,0.1,128,,10.463187034955784
3,0.1,224,"(32, 32)",18.4282336726873
3,0.1,320,"(32, 32)",15.9416710276115
3,0.1,416,"(32, 32)",13.854970135252204
3,0.1,512,"(32, 32)",12.26490950714704
3,1.0,8,,27.105321258966068
3,1.0,14,,20.240691977421463
3,1.0,20,,16.189655646466726
3,1.0,26,,13.744794657905526
3,1.0,32,,21.469182661158374
3,1.0,32,,11.772078690717262
3,1.0,56,,16.77338701159728
3,1.0,80,,13.831519379472615
3,1.0,104,,11.76945151711293
3,1.0,128,"(32, 32)",18.734117113236245
3,1.0,128,,10.440179537986902
3,1.0,224,"(32, 32)",15.536762571750188
3,1.0,320,"(32, 32)",13.01633835173756
3,1.0,416,"(32, 32)",11.22720621768148
3,1.0,512,"(32, 32)",9.878133542214949
3,10.0,8,,31.382637705279336
3,10.0,14,,21.55706479774303
3,10.0,20,,16.706725629036246
3,10.0,26,,14.3699074390592
3,10.0,32,,22.867307693275045
3,10.0,32,,12.27876081793766
3,10.0,56,,17.473523956524296
3,10.0,80,,14.603792251960712
3,10.0,104,,12.325379272567902
3,10.0,128,"(32, 32)",20.31561471386954
3,10.0,128,,10.81253545678119
3,10.0,224,"(32, 32)",16.18335921301509
3,10.0,320,"(32, 32)",13.734040170522205
3,10.0,416,"(32, 32)",11.769557179277776
3,10.0,512,"(32, 32)",10.623857144992446
4,0.01,8,,21.340156487245974
4,0.01,14,,18.089253817341746
4,0.01,20,,15.983957712165257
4,0.01,26,,14.393636282812434
4,0.01,32,,23.44097386364887
4,0.01,32,,13.02486213713628
4,0.01,56,,19.5469273018385
4,0.01,80,,17.20685755179781
4,0.01,104,,15.250605461733738
4,0.01,128,"(32, 32)",24.782873959143732
4,0.01,128,,13.866598661573866
4,0.01,224,"(32, 32)",20.7877330333427
4,0.01,320,"(32, 32)",17.895155846854287
4,0.01,416,"(32, 32)",16.22462841954462
4,0.01,512,"(32, 32)",14.522429252211836
4,0.1,8,,18.8483962978092
4,0.1,14,,15.392899429419993
4,0.1,20,,12.857104707086064
4,0.1,26,,11.396203369232676
4,0.1,32,,19.26459366140924
4,0.1,32,,10.265784043193406
4,0.1,56,,15.575289331384752
4,0.1,80,,13.515288984939817
4,0.1,104,,11.64915319811506
4,0.1,128,"(32, 32)",22.56832320285937
4,0.1,128,,10.503038784082976
4,0.1,224,"(32, 32)",18.49733488114107
4,0.1,320,"(32, 32)",15.825891305130549
4,0.1,416,"(32, 32)",13.77853996636568
4,0.1,512,"(32, 32)",12.151812765892767
4,1.0,8,,27.380095961230516
4,1.0,14,,20.200282346055253
4,1.0,20,,16.19509097001618
4,1.0,26,,13.650536640503567
4,1.0,32,,21.390576671158424
4,1.0,32,,11.814277313382313
4,1.0,56,,16.41874268600249
4,1.0,80,,13.83747476990699
4,1.0,104,,11.803674539544796
4,1.0,128,"(32, 32)",19.149415033634085
4,1.0,128,,10.427498234062988
4,1.0,224,"(32, 32)",15.425283068960788
4,1.0,320,"(32, 32)",13.021029995259635
4,1.0,416,"(32, 32)",11.3384287730274
4,1.0,512,"(32, 32)",9.888208946921504
4,10.0,8,,31.42485037610981
4,10.0,14,,21.802475076562096
4,10.0,20,,17.058878867193073
4,10.0,26,,14.177912358755046
4,10.0,32,,22.50701277906645
4,10.0,32,,12.305177321599864
4,10.0,56,,17.477424665115986
4,10.0,80,,14.54452308793481
4,10.0,104,,12.291100664631124
4,10.0,128,"(32, 32)",20.491586214610628
4,10.0,128,,10.911772720554133
4,10.0,224,"(32, 32)",16.280149221275344
4,10.0,320,"(32, 32)",13.492185944964085
4,10.0,416,"(32, 32)",11.657985200153668
4,10.0,512,"(32, 32)",10.485978892140496
5,0.01,8,,21.209957138082963
5,0.01,14,,18.03920598094871
5,0.01,20,,15.871184483765685
5,0.01,26,,14.255489429754276
5,0.01,32,,23.224644689233937
5,0.01,32,,12.90749266324822
5,0.01,56,,19.557263730804227
5,0.01,80,,17.0190622380221
5,0.01,104,,15.369548296275427
5,0.01,128,"(32, 32)",24.79045597828092
5,0.01,128,,13.797730018673828
5,0.01,224,"(32, 32)",20.60893150702695
5,0.01,320,"(32, 32)",18.04361135854334
5,0.01,416,"(32, 32)",16.20145453999195
5,0.01,512,"(32, 32)",14.533111649901944
5,0.1,8,,18.88056994984154
5,0.1,14,,15.359605106403556
5,0.1,20,,12.983450846370811
5,0.1,26,,11.4499365725697
5,0.1,32,,19.190305125805928
5,0.1,32,,10.25020841060988
5,0.1,56,,15.534047786233954
5,0.1,80,,13.414283888361274
5,0.1,104,,11.837113828714552
5,0.1,128,"(32, 32)",22.76540121729087
5,0.1,128,,10.386728849832904
5,0.1,224,"(32, 32)",18.29792293997426
5,0.1,320,"(32, 32)",15.915469871916962
5,0.1,416,"(32, 32)",13.930556547790944
5,0.1,512,"(32, 32)",12.191045939735291
5,1.0,8,,27.216175049521045
5,1.0,14,,20.322077256905715
5,1.0,20,,16.15954355577249
5,1.0,26,,13.865972795610247
5,1.0,32,,21.28485740077986
5,1.0,32,,11.885858811165267
5,1.0,56,,16.454201687527355
5,1.0,80,,13.807843972749014
5,1.0,104,,11.92509303026679
5,1.0,128,"(32, 32)",18.904026373626483
5,1.0,128,,10.475922726433929
5,1.0,224,"(32, 32)",15.427121646824084
5,1.0,320,"(32, 32)",13.075964454105453
5,1.0,416,"(32, 32)",11.3282411766672
5,1.0,512,"(32, 32)",9.959885629204091
5,10.0,8,,32.07046707246169
5,10.0,14,,21.794726894178915
5,10.0,20,,16.992202429052348
5,10.0,26,,14.368168542752734
5,10.0,32,,22.542175860714963
5,10.0,32,,12.41996118929538
5,10.0,56,,17.493516429392624
5,10.0,80,,14.41875717500228
5,10.0,104,,12.373682896044542
5,10.0,128,"(32, 32)",20.411095877743065
5,10.0,128,,10.9636655146595
5,10.0,224,"(32, 32)",15.996284530303091
5,10.0,320,"(32, 32)",13.571747892251391
5,10.0,416,"(32, 32)",11.732197037497288
5,10.0,512,"(32, 32)",10.423287589039187
6,0.01,8,,21.19702474481328
6,0.01,14,,17.888119344698747
6,0.01,20,,15.891690708909689
6,0.01,26,,14.323176503916772
6,0.01,32,,23.082888308572123
6,0.01,32,,12.934065505732985
6,0.01,56,,19.591524085928626
6,0.01,80,,17.297835656757847
6,0.01,104,,15.317178190625995
6,0.01,128,"(32, 32)",25.00397696333834
6,0.01,128,,13.964742269080576
6,0.01,224,"(32, 32)",20.96816083418645
6,0.01,320,"(32, 32)",18.215037888668927
6,0.01,416,"(32, 32)",16.373828991668034
6,0.01,512,"(32, 32)",14.43055630780682
6,0.1,8,,18.86322290692339
6,0.1,14,,15.341149010628524
6,0.1,20,,13.179634677530114
6,0.1,26,,11.433157841824976
6,0.1,32,,19.14063835299279
6,0.1,32,,10.25448249868895
6,0.1,56,,15.683244834809663
6,0.1,80,,13.318958417245415
6,0.1,104,,11.699731800885289
6,0.1,128,"(32, 32)",22.56294059851571
6,0.1,128,,10.579063114732705
6,0.1,224,"(32, 32)",18.35770167740136
6,0.1,320,"(32, 32)",15.805826822078654
6,0.1,416,"(32, 32)",13.924246469378163
6,0.1,512,"(32, 32)",12.15959094112416
6,1.0,8,,27.29246327254384
6,1.0,14,,20.10817085935063
6,1.0,20,,16.355184082002904
6,1.0,26,,13.843413682559463
6,1.0,32,,21.060620866482974
6,1.0,32,,11.786150896976867
6,1.0,56,,16.584935147673598
6,1.0,80,,13.797585422633666
6,1.0,104,,11.835903014079298
6,1.0,128,"(32, 32)",19.24998910086187
6,1.0,128,,10.35746220439301
6,1.0,224,"(32, 32)",15.429375367689405
6,1.0,320,"(32, 32)",12.916966162049931
6,1.0,416,"(32, 32)",11.244703105502971
6,1.0,512,"(32, 32)",10.007618100424562
6,10.0,8,,31.816149669008382
6,10.0,14,,21.469165159428584
6,10.0,20,,16.951572442049635
6,10.0,26,,14.255502140509684
6,10.0,32,,22.674871035107127
6,10.0,32,,12.43023208585632
6,10.0,56,,17.40002417727139
6,10.0,80,,14.46177805266628
6,10.0,104,,12.328565156957469
6,10.0,128,"(32, 32)",20.492848521255816
6,10.0,128,,10.785687138894094
6,10.0,224,"(32, 32)",16.20860640713374
6,10.0,320,"(32, 32)",13.711387379104394
6,10.0,416,"(32, 32)",11.6719627530273
6,10.0,512,"(32, 32)",10.420688269905911
7,0.01,8,,21.35526100393968
7,0.01,14,,18.132557312872056
7,0.01,20,,15.776597347487389
7,0.01,26,,14.335700408887558
7,0.01,32,,23.17923648962457
7,0.01,32,,12.948383710585375
7,0.01,56,,19.601285176084737
7,0.01,80,,17.150312886845512
7,0.01,104,,15.161856269222593
7,0.01,128,"(32, 32)",25.00311938851819
7,0.01,128,,13.946845646202725
7,0.01,224,"(32, 32)",20.923113899500358
7,0.01,320,"(32, 32)",18.06068173664772
7,0.01,416,"(32, 32)",16.262507745504916
7,0.01,512,"(32, 32)",14.6458857152372
7,0.1,8,,18.82780113099952
7,0.1,14,,15.436589758597725
7,0.1,20,,13.079186399861584
7,0.1,26,,11.469215986467352
7,0.1,32,,19.344412796916828
7,0.1,32,,10.263894316987727
7,0.1,56,,15.623224020162407
7,0.1,80,,13.298770612529848
7,0.1,104,,11.631164557026812
7,0.1,128,"(32, 32)",22.733560260449277
7,0.1,128,,10.466175821866768
7,0.1,224,"(32, 32)",18.215009825602
7,0.1,320,"(32, 32)",16.120178803050976
7,0.1,416,"(32, 32)",14.059733207634952
7,0.1,512,"(32, 32)",12.401439896936726
7,1.0,8,,27.518439820997934
7,1.0,14,,20.21801426299144
7,1.0,20,,16.312496843008855
7,1.0,26,,13.839609323400904
7,1.0,32,,21.158819180660178
7,1.0,32,,11.748796279609898
7,1.0,56,,16.610130142170583
7,1.0,80,,13.603990648113337
7,1.0,104,,11.806378105280372
7,1.0,128,"(32, 32)",19.083415179792016
7,1.0,128,,10.413071238222884
7,1.0,224,"(32, 32)",15.469537518424252
7,1.0,320,"(32, 32)",12.936631620445311
7,1.0,416,"(32, 32)",11.268186661555108
7,1.0,512,"(32, 32)",9.919120442251945
7,10.0,8,,32.19776092231639
7,10.0,14,,21.462896401372188
7,10.0,20,,17.00415975503081
7,10.0,26,,14.561382856618444
7,10.0,32,,22.45422581447622
7,10.0,32,,12.401499263818003
7,10.0,56,,17.579342948256958
7,10.0,80,,14.419496085876425
7,10.0,104,,12.382147834340175
7,10.0,128,"(32, 32)",20.526315406716943
7,10.0,128,,10.894594276440136
7,10.0,224,"(32, 32)",16.125129166906355
7,10.0,320,"(32, 32)",13.557966045773233
7,10.0,416,"(32, 32)",11.796200279494052
7,10.0,512,"(32, 32)",10.428049891918423
8,0.01,8,,21.105773663758477
8,0.01,14,,18.147002552202352
8,0.01,20,,15.826434121377153
8,0.01,26,,14.41418040157573
8,0.01,32,,23.35648538839879
8,0.01,32,,13.103885924582176
8,0.01,56,,19.60041269918865
8,0.01,80,,17.05846002280421
8,0.01,104,,15.270495415765655
8,0.01,128,"(32, 32)",25.02249041767987
8,0.01,128,,14.087832272121975
8,0.01,224,"(32, 32)",20.858897137258115
8,0.01,320,"(32, 32)",18.186478523854827
8,0.01,416,"(32, 32)",16.25569686799254
8,0.01,512,"(32, 32)",14.587386579816274
8,0.1,8,,18.78177716979961
8,0.1,14,,15.248973374127312
8,0.1,20,,13.150333043511614
8,0.1,26,,11.5383601404283
8,0.1,32,,19.285686062988944
8,0.1,32,,10.166193299660138
8,0.1,56,,15.524378647709574
8,0.1,80,,13.263309631658831
8,0.1,104,,11.711993494959623
8,0.1,128,"(32, 32)",22.60621158004926
8,0.1,128,,10.524535259941132
8,0.1,224,"(32, 32)",18.470978010273463
8,0.1,320,"(32, 32)",15.868693863903514
8,0.1,416,"(32, 32)",14.091662199417089
8,0.1,512,"(32, 32)",12.245987682704534
8,1.0,8,,27.36644628655201
8,1.0,14,,20.193444383646877
8,1.0,20,,16.17027373564056
8,1.0,26,,13.64545885499206
8,1.0,32,,21.163776450690108
8,1.0,32,,11.842312285192016
8,1.0,56,,16.635221967073324
8,1.0,80,,13.943787118955523
8,1.0,104,,11.996532575008588
8,1.0,128,"(32, 32)",18.981261600092665
8,1.0,128,,10.30475468935402
8,1.0,224,"(32, 32)",15.36302065731349
8,1.0,320,"(32, 32)",13.004400388863646
8,1.0,416,"(32, 32)",11.257693732837692
8,1.0,512,"(32, 32)",9.98813554749273
8,10.0,8,,31.819906155815303
8,10.0,14,,21.418764696875886
8,10.0,20,,17.1602595078913
8,10.0,26,,14.168248092047328
8,10.0,32,,22.87798694224518
8,10.0,32,,12.571313148439309
8,10.0,56,,17.342093063799886
8,10.0,80,,14.296940370837572
8,10.0,104,,12.487611506272598
8,10.0,128,"(32, 32)",20.446712179233845
8,10.0,128,,10.779531856131486
8,10.0,224,"(32, 32)",16.0961567384661
8,10.0,320,"(32, 32)",13.498229581810412
8,10.0,416,"(32, 32)",11.836935936641884
8,10.0,512,"(32, 32)",10.425047247251298
9,0.01,8,,21.08832784405973
9,0.01,14,,18.155400110204702
9,0.01,20,,15.86779249081277
9,0.01,26,,14.257841127967836
9,0.01,32,,23.20909885351616
9,0.01,32,,12.960054354848024
9,0.01,56,,19.57738564717149
9,0.01,80,,17.176042767759753
9,0.01,104,,15.340955180603048
9,0.01,128,"(32, 32)",25.02679853350056
9,0.01,128,,13.761480913535204
9,0.01,224,"(32, 32)",20.692021915839355
9,0.01,320,"(32, 32)",17.92409043391884
9,0.01,416,"(32, 32)",16.180637274641732
9,0.01,512,"(32, 32)",14.65267790187326
9,0.1,8,,18.8588147020902
9,0.1,14,,15.270578102105688
9,0.1,20,,13.042323541805755
9,0.1,26,,11.540096704087764
9,0.1,32,,19.377814106999523
9,0.1,32,,10.26164179941171
9,0.1,56,,15.727026518008564
9,0.1,80,,13.261303093173156
9,0.1,104,,11.686345497269151
9,0.1,128,"(32, 32)",22.51042713575165
9,0.1,128,,10.52954721692751
9,0.1,224,"(32, 32)",18.396210553919538
9,0.1,320,"(32, 32)",15.917687761131912
9,0.1,416,"(32, 32)",13.811346359752294
9,0.1,512,"(32, 32)",12.1493152755132
9,1.0,8,,27.48450553650514
9,1.0,14,,20.34090702566405
9,1.0,20,,16.304278059215825
9,1.0,26,,13.732090192534718
9,1.0,32,,21.43494820490871
9,1.0,32,,11.807979950140908
9,1.0,56,,16.6695447471254
9,1.0,80,,13.787644059923528
9,1.0,104,,11.902698537848892
9,1.0,128,"(32, 32)",18.96595484644273
9,1.0,128,,10.392749173442034
9,1.0,224,"(32, 32)",15.503341068606815
9,1.0,320,"(32, 32)",13.028525820152744
9,1.0,416,"(32, 32)",11.238737445120409
9,1.0,512,"(32, 32)",9.91300219193335
9,10.0,8,,32.21431514435355
9,10.0,14,,21.654916169015973
9,10.0,20,,17.098980258629744
9,10.0,26,,14.318635649871789
9,10.0,32,,22.82835861180518
9,10.0,32,,12.386900910981195
9,10.0,56,,17.417592816467597
9,10.0,80,,14.35461041226444
9,10.0,104,,12.30115850311664
9,10.0,128,"(32, 32)",20.498169607928183
9,10.0,128,,10.977622418799372
9,10.0,224,"(32, 32)",16.26766312991808
9,10.0,320,"(32, 32)",13.738568495762
9,10.0,416,"(32, 32)",11.775220385390318
9,10.0,512,"(32, 32)",10.4388534673424
